Workbook

Sheet 工资明细
A1: 工资明细（全年逐月录入 · 用于计算月均工资）
A2: 员工编号 | B2: 姓名 | C2: 1月 | D2: 2月 | E2: 3月 | F2: 4月 | G2: 5月 | H2: 6月 | I2: 7月 | J2: 8月 | K2: 9月 | L2: 10月 | M2: 11月 | N2: 12月 | O2: 全年合计(元)
A3: E001 | B3: 张三 | C3: 6800 | D3: 6800 | E3: 7200 | F3: 7500 | G3: 7500 | H3: 7500 | I3: 7500 | J3: 7500 | K3: 7200 | L3: 7800 | M3: 7800 | N3: 8200 | O3: =SUM(C3:N3)
A4: E002 | B4: 李四 | C4: 5200 | D4: 5200 | E4: 5200 | F4: 5600 | G4: 5600 | H4: 5600 | I4: 5600 | J4: 5600 | K4: 6000 | L4: 6000 | M4: 6000 | N4: 6000 | O4: =SUM(C4:N4)
A5: E003 | B5: 王五 | C5: 8800 | D5: 8800 | E5: 9200 | F5: 9500 | G5: 9500 | H5: 9500 | I5: 9500 | J5: 9500 | K5: 9800 | L5: 9800 | M5: 10200 | N5: 10200 | O5: =SUM(C5:N5)
A43: 说明：① 全年合计列使用公式 =SUM(C:N) 自动汇总。② 按月录入税前应发工资，缺月按0计入。③ 本页数值将被「年终奖计算」表引用。

Sheet 年终奖计算
A1: 年终奖自动计算表（全年一次性奖金 · 单独计税）
A3: 一、奖金参数（灰底，可修改数值）
C5: 发放月份 | D5: 2025年度 | F5: 本期奖金的所属年度/发放期标识
C6: 参与系数(月数) | D6: 12 | F6: 取全年12个月均工资；如按实际出勤月可改
C7: 奖金系数 | D7: 1.5 | F7: 年终奖 = 月均工资 × 该系数
A10: 二、人员年终奖计算（黄色=自动计算，绿色=最终实发）
A11: 序号 | B11: 员工编号 | C11: 姓名 | D11: 全年应发合计(元) | E11: 月均工资(元) | F11: 奖金系数 | G11: 年终奖(元) | H11: 适用税率 | I11: 速算扣除数 | J11: 个税(元) | K11: 实发奖金(元) | L11: 备注
A12: 1 | B12: E001 | C12: 张三 | D12: =IF(B12<>"",INDEX(工资明细!$O$3:$O$40,MATCH(B12,工资明细!$A$3:$A$40,0)),"") | E12: =IF(B12="","",IF($D$6>0,D12/$D$6,0)) | F12: =$D$7 | G12: =IF(B12="","",E12*F12) | H12: =IF(B12="","",IF(G12/12<=3000,3%,IF(G12/12<=12000,10%,IF(G12/12<=25000,20%,IF(G12/12<=35000,25%,IF(G12/12<=55000,30%,IF(G12/12<=80000,35%,45%))))))) | I12: =IF(B12="","",IF(G12/12<=3000,0,IF(G12/12<=12000,210,IF(G12/12<=25000,1410,IF(G12/12<=35000,2660,IF(G12/12<=55000,4410,IF(G12/12<=80000,7160,15160))))))) | J12: =IF(B12="","",MAX(0,ROUND(G12*H12-I12,2))) | K12: =IF(B12="","",G12-J12) | L12: 单独计税
A13: 2 | B13: E002 | C13: 李四 | D13: =IF(B13<>"",INDEX(工资明细!$O$3:$O$40,MATCH(B13,工资明细!$A$3:$A$40,0)),"") | E13: =IF(B13="","",IF($D$6>0,D13/$D$6,0)) | F13: =$D$7 | G13: =IF(B13="","",E13*F13) | H13: =IF(B13="","",IF(G13/12<=3000,3%,IF(G13/12<=12000,10%,IF(G13/12<=25000,20%,IF(G13/12<=35000,25%,IF(G13/12<=55000,30%,IF(G13/12<=80000,35%,45%))))))) | I13: =IF(B13="","",IF(G13/12<=3000,0,IF(G13/12<=12000,210,IF(G13/12<=25000,1410,IF(G13/12<=35000,2660,IF(G13/12<=55000,4410,IF(G13/12<=80000,7160,15160))))))) | J13: =IF(B13="","",MAX(0,ROUND(G13*H13-I13,2))) | K13: =IF(B13="","",G13-J13) | L13: 单独计税
A14: 3 | B14: E003 | C14: 王五 | D14: =IF(B14<>"",INDEX(工资明细!$O$3:$O$40,MATCH(B14,工资明细!$A$3:$A$40,0)),"") | E14: =IF(B14="","",IF($D$6>0,D14/$D$6,0)) | F14: =$D$7 | G14: =IF(B14="","",E14*F14) | H14: =IF(B14="","",IF(G14/12<=3000,3%,IF(G14/12<=12000,10%,IF(G14/12<=25000,20%,IF(G14/12<=35000,25%,IF(G14/12<=55000,30%,IF(G14/12<=80000,35%,45%))))))) | I14: =IF(B14="","",IF(G14/12<=3000,0,IF(G14/12<=12000,210,IF(G14/12<=25000,1410,IF(G14/12<=35000,2660,IF(G14/12<=55000,4410,IF(G14/12<=80000,7160,15160))))))) | J14: =IF(B14="","",MAX(0,ROUND(G14*H14-I14,2))) | K14: =IF(B14="","",G14-J14) | L14: 单独计税
A15: 4 | D15: =IF(B15<>"",INDEX(工资明细!$O$3:$O$40,MATCH(B15,工资明细!$A$3:$A$40,0)),"") | E15: =IF(B15="","",IF($D$6>0,D15/$D$6,0)) | F15: =$D$7 | G15: =IF(B15="","",E15*F15) | H15: =IF(B15="","",IF(G15/12<=3000,3%,IF(G15/12<=12000,10%,IF(G15/12<=25000,20%,IF(G15/12<=35000,25%,IF(G15/12<=55000,30%,IF(G15/12<=80000,35%,45%))))))) | I15: =IF(B15="","",IF(G15/12<=3000,0,IF(G15/12<=12000,210,IF(G15/12<=25000,1410,IF(G15/12<=35000,2660,IF(G15/12<=55000,4410,IF(G15/12<=80000,7160,15160))))))) | J15: =IF(B15="","",MAX(0,ROUND(G15*H15-I15,2))) | K15: =IF(B15="","",G15-J15) | L15: 单独计税
A16: 5 | D16: =IF(B16<>"",INDEX(工资明细!$O$3:$O$40,MATCH(B16,工资明细!$A$3:$A$40,0)),"") | E16: =IF(B16="","",IF($D$6>0,D16/$D$6,0)) | F16: =$D$7 | G16: =IF(B16="","",E16*F16) | H16: =IF(B16="","",IF(G16/12<=3000,3%,IF(G16/12<=12000,10%,IF(G16/12<=25000,20%,IF(G16/12<=35000,25%,IF(G16/12<=55000,30%,IF(G16/12<=80000,35%,45%))))))) | I16: =IF(B16="","",IF(G16/12<=3000,0,IF(G16/12<=12000,210,IF(G16/12<=25000,1410,IF(G16/12<=35000,2660,IF(G16/12<=55000,4410,IF(G16/12<=80000,7160,15160))))))) | J16: =IF(B16="","",MAX(0,ROUND(G16*H16-I16,2))) | K16: =IF(B16="","",G16-J16) | L16: 单独计税
A17: 6 | D17: =IF(B17<>"",INDEX(工资明细!$O$3:$O$40,MATCH(B17,工资明细!$A$3:$A$40,0)),"") | E17: =IF(B17="","",IF($D$6>0,D17/$D$6,0)) | F17: =$D$7 | G17: =IF(B17="","",E17*F17) | H17: =IF(B17="","",IF(G17/12<=3000,3%,IF(G17/12<=12000,10%,IF(G17/12<=25000,20%,IF(G17/12<=35000,25%,IF(G17/12<=55000,30%,IF(G17/12<=80000,35%,45%))))))) | I17: =IF(B17="","",IF(G17/12<=3000,0,IF(G17/12<=12000,210,IF(G17/12<=25000,1410,IF(G17/12<=35000,2660,IF(G17/12<=55000,4410,IF(G17/12<=80000,7160,15160))))))) | J17: =IF(B17="","",MAX(0,ROUND(G17*H17-I17,2))) | K17: =IF(B17="","",G17-J17) | L17: 单独计税
A18: 7 | D18: =IF(B18<>"",INDEX(工资明细!$O$3:$O$40,MATCH(B18,工资明细!$A$3:$A$40,0)),"") | E18: =IF(B18="","",IF($D$6>0,D18/$D$6,0)) | F18: =$D$7 | G18: =IF(B18="","",E18*F18) | H18: =IF(B18="","",IF(G18/12<=3000,3%,IF(G18/12<=12000,10%,IF(G18/12<=25000,20%,IF(G18/12<=35000,25%,IF(G18/12<=55000,30%,IF(G18/12<=80000,35%,45%))))))) | I18: =IF(B18="","",IF(G18/12<=3000,0,IF(G18/12<=12000,210,IF(G18/12<=25000,1410,IF(G18/12<=35000,2660,IF(G18/12<=55000,4410,IF(G18/12<=80000,7160,15160))))))) | J18: =IF(B18="","",MAX(0,ROUND(G18*H18-I18,2))) | K18: =IF(B18="","",G18-J18) | L18: 单独计税
A19: 8 | D19: =IF(B19<>"",INDEX(工资明细!$O$3:$O$40,MATCH(B19,工资明细!$A$3:$A$40,0)),"") | E19: =IF(B19="","",IF($D$6>0,D19/$D$6,0)) | F19: =$D$7 | G19: =IF(B19="","",E19*F19) | H19: =IF(B19="","",IF(G19/12<=3000,3%,IF(G19/12<=12000,10%,IF(G19/12<=25000,20%,IF(G19/12<=35000,25%,IF(G19/12<=55000,30%,IF(G19/12<=80000,35%,45%))))))) | I19: =IF(B19="","",IF(G19/12<=3000,0,IF(G19/12<=12000,210,IF(G19/12<=25000,1410,IF(G19/12<=35000,2660,IF(G19/12<=55000,4410,IF(G19/12<=80000,7160,15160))))))) | J19: =IF(B19="","",MAX(0,ROUND(G19*H19-I19,2))) | K19: =IF(B19="","",G19-J19) | L19: 单独计税
A20: 9 | D20: =IF(B20<>"",INDEX(工资明细!$O$3:$O$40,MATCH(B20,工资明细!$A$3:$A$40,0)),"") | E20: =IF(B20="","",IF($D$6>0,D20/$D$6,0)) | F20: =$D$7 | G20: =IF(B20="","",E20*F20) | H20: =IF(B20="","",IF(G20/12<=3000,3%,IF(G20/12<=12000,10%,IF(G20/12<=25000,20%,IF(G20/12<=35000,25%,IF(G20/12<=55000,30%,IF(G20/12<=80000,35%,45%))))))) | I20: =IF(B20="","",IF(G20/12<=3000,0,IF(G20/12<=12000,210,IF(G20/12<=25000,1410,IF(G20/12<=35000,2660,IF(G20/12<=55000,4410,IF(G20/12<=80000,7160,15160))))))) | J20: =IF(B20="","",MAX(0,ROUND(G20*H20-I20,2))) | K20: =IF(B20="","",G20-J20) | L20: 单独计税
A21: 10 | D21: =IF(B21<>"",INDEX(工资明细!$O$3:$O$40,MATCH(B21,工资明细!$A$3:$A$40,0)),"") | E21: =IF(B21="","",IF($D$6>0,D21/$D$6,0)) | F21: =$D$7 | G21: =IF(B21="","",E21*F21) | H21: =IF(B21="","",IF(G21/12<=3000,3%,IF(G21/12<=12000,10%,IF(G21/12<=25000,20%,IF(G21/12<=35000,25%,IF(G21/12<=55000,30%,IF(G21/12<=80000,35%,45%))))))) | I21: =IF(B21="","",IF(G21/12<=3000,0,IF(G21/12<=12000,210,IF(G21/12<=25000,1410,IF(G21/12<=35000,2660,IF(G21/12<=55000,4410,IF(G21/12<=80000,7160,15160))))))) | J21: =IF(B21="","",MAX(0,ROUND(G21*H21-I21,2))) | K21: =IF(B21="","",G21-J21) | L21: 单独计税
A22: 11 | D22: =IF(B22<>"",INDEX(工资明细!$O$3:$O$40,MATCH(B22,工资明细!$A$3:$A$40,0)),"") | E22: =IF(B22="","",IF($D$6>0,D22/$D$6,0)) | F22: =$D$7 | G22: =IF(B22="","",E22*F22) | H22: =IF(B22="","",IF(G22/12<=3000,3%,IF(G22/12<=12000,10%,IF(G22/12<=25000,20%,IF(G22/12<=35000,25%,IF(G22/12<=55000,30%,IF(G22/12<=80000,35%,45%))))))) | I22: =IF(B22="","",IF(G22/12<=3000,0,IF(G22/12<=12000,210,IF(G22/12<=25000,1410,IF(G22/12<=35000,2660,IF(G22/12<=55000,4410,IF(G22/12<=80000,7160,15160))))))) | J22: =IF(B22="","",MAX(0,ROUND(G22*H22-I22,2))) | K22: =IF(B22="","",G22-J22) | L22: 单独计税
A23: 12 | D23: =IF(B23<>"",INDEX(工资明细!$O$3:$O$40,MATCH(B23,工资明细!$A$3:$A$40,0)),"") | E23: =IF(B23="","",IF($D$6>0,D23/$D$6,0)) | F23: =$D$7 | G23: =IF(B23="","",E23*F23) | H23: =IF(B23="","",IF(G23/12<=3000,3%,IF(G23/12<=12000,10%,IF(G23/12<=25000,20%,IF(G23/12<=35000,25%,IF(G23/12<=55000,30%,IF(G23/12<=80000,35%,45%))))))) | I23: =IF(B23="","",IF(G23/12<=3000,0,IF(G23/12<=12000,210,IF(G23/12<=25000,1410,IF(G23/12<=35000,2660,IF(G23/12<=55000,4410,IF(G23/12<=80000,7160,15160))))))) | J23: =IF(B23="","",MAX(0,ROUND(G23*H23-I23,2))) | K23: =IF(B23="","",G23-J23) | L23: 单独计税
A24: 13 | D24: =IF(B24<>"",INDEX(工资明细!$O$3:$O$40,MATCH(B24,工资明细!$A$3:$A$40,0)),"") | E24: =IF(B24="","",IF($D$6>0,D24/$D$6,0)) | F24: =$D$7 | G24: =IF(B24="","",E24*F24) | H24: =IF(B24="","",IF(G24/12<=3000,3%,IF(G24/12<=12000,10%,IF(G24/12<=25000,20%,IF(G24/12<=35000,25%,IF(G24/12<=55000,30%,IF(G24/12<=80000,35%,45%))))))) | I24: =IF(B24="","",IF(G24/12<=3000,0,IF(G24/12<=12000,210,IF(G24/12<=25000,1410,IF(G24/12<=35000,2660,IF(G24/12<=55000,4410,IF(G24/12<=80000,7160,15160))))))) | J24: =IF(B24="","",MAX(0,ROUND(G24*H24-I24,2))) | K24: =IF(B24="","",G24-J24) | L24: 单独计税
A25: 14 | D25: =IF(B25<>"",INDEX(工资明细!$O$3:$O$40,MATCH(B25,工资明细!$A$3:$A$40,0)),"") | E25: =IF(B25="","",IF($D$6>0,D25/$D$6,0)) | F25: =$D$7 | G25: =IF(B25="","",E25*F25) | H25: =IF(B25="","",IF(G25/12<=3000,3%,IF(G25/12<=12000,10%,IF(G25/12<=25000,20%,IF(G25/12<=35000,25%,IF(G25/12<=55000,30%,IF(G25/12<=80000,35%,45%))))))) | I25: =IF(B25="","",IF(G25/12<=3000,0,IF(G25/12<=12000,210,IF(G25/12<=25000,1410,IF(G25/12<=35000,2660,IF(G25/12<=55000,4410,IF(G25/12<=80000,7160,15160))))))) | J25: =IF(B25="","",MAX(0,ROUND(G25*H25-I25,2))) | K25: =IF(B25="","",G25-J25) | L25: 单独计税
A26: 15 | D26: =IF(B26<>"",INDEX(工资明细!$O$3:$O$40,MATCH(B26,工资明细!$A$3:$A$40,0)),"") | E26: =IF(B26="","",IF($D$6>0,D26/$D$6,0)) | F26: =$D$7 | G26: =IF(B26="","",E26*F26) | H26: =IF(B26="","",IF(G26/12<=3000,3%,IF(G26/12<=12000,10%,IF(G26/12<=25000,20%,IF(G26/12<=35000,25%,IF(G26/12<=55000,30%,IF(G26/12<=80000,35%,45%))))))) | I26: =IF(B26="","",IF(G26/12<=3000,0,IF(G26/12<=12000,210,IF(G26/12<=25000,1410,IF(G26/12<=35000,2660,IF(G26/12<=55000,4410,IF(G26/12<=80000,7160,15160))))))) | J26: =IF(B26="","",MAX(0,ROUND(G26*H26-I26,2))) | K26: =IF(B26="","",G26-J26) | L26: 单独计税
... A40: 29 | D40: =IF(B40<>"",INDEX(工资明细!$O$3:$O$40,MATCH(B40,工资明细!$A$3:$A$40,0)),"") | E40: =IF(B40="","",IF($D$6>0,D40/$D$6,0)) | F40: =$D$7 | G40: =IF(B40="","",E40*F40) | H40: =IF(B40="","",IF(G40/12<=3000,3%,IF(G40/12<=12000,10%,IF(G40/12<=25000,20%,IF(G40/12<=35000,25%,IF(G40/12<=55000,30%,IF(G40/12<=80000,35%,45%))))))) | I40: =IF(B40="","",IF(G40/12<=3000,0,IF(G40/12<=12000,210,IF(G40/12<=25000,1410,IF(G40/12<=35000,2660,IF(G40/12<=55000,4410,IF(G40/12<=80000,7160,15160))))))) | J40: =IF(B40="","",MAX(0,ROUND(G40*H40-I40,2))) | K40: =IF(B40="","",G40-J40) | L40: 单独计税

Sheet 使用说明
A1: 使用说明
A2: 一、总览
A3: · 本工作簿共3个工作表：① 工资明细 ② 年终奖计算 ③ 使用说明（本页）。
A4: · 只需改「工资明细」和「年终奖计算」里的输入，其余全部自动算。
A6: 二、录入工资明细
A7: · 在「工资明细」表中按员工逐月填写税前应发工资（B列~N列）。
A8: · 全年合计列用公式 =SUM(C:N) 自动汇总，无需手填。
A9: · 示例数据（张三/李四/王五）可直接改为真实数据，也可删除整行。
A11: 三、年终奖自动计算
A12: · 逻辑：年终奖 = 月均工资 × 奖金系数；月均工资 = 全年应发合计 ÷ 参与系数。
A13: · 「全年应发合计」通过 INDEX/MATCH 自动从「工资明细」按员工编号取数。
A14: · 新增员工：在黄色区任一空行填写 员工编号+姓名 即可，公式自动带出。
... A30: · 若用 WPS 或国产表格软件，个别函数（INDEX/MATCH）支持一致，可正常使用。
