Workbook

Sheet 月度预算明细
A1: 月度家庭预算明细表（存款 1000 万元）
A2: 存款总额 10,000,000 元
A4: 支出大类 | B4: 支出科目 | C4: 月度预算（元）
A5: 生活开支 | B5: 餐饮 | C5: 8000
A6: 生活开支 | B6: 住房 | C6: 12000
A7: 生活开支 | B7: 交通 | C7: 3000
A8: 生活开支 | B8: 服饰 | C8: 4000
A9: 生活开支 | B9: 日常用品 | C9: 3000
A10: 生活开支 | B10: 物业水电 | C10: 3000
A11: 子女教育 | B11: 学费 | C11: 5000
A12: 子女教育 | B12: 课外培训 | C12: 4000
A13: 子女教育 | B13: 书籍文具 | C13: 1000
A14: 健康医疗 | B14: 保险 | C14: 2000
A15: 健康医疗 | B15: 医疗 | C15: 1000
A16: 健康医疗 | B16: 健身 | C16: 800
... A24: 其他支出 | B24: 意外支出 | C24: 2000
A25: 合计 | B25: —— | C25: =SUM(C5:C24)
A26: 存款总额 | B26: —— | C26: 10000000

Sheet 透视汇总
A1: 月度预算透视汇总（按支出大类）
A3: 支出大类 | B3: 月度预算（元） | C3: 占比
A4: 生活开支 | B4: 33000 | C4: 0.50535988
A5: 休闲娱乐 | B5: 11000 | C5: 0.16845329
A6: 子女教育 | B6: 10000 | C6: 0.15313936
A7: 健康医疗 | B7: 3800 | C7: 0.058192956
A8: 社交人情 | B8: 3500 | C8: 0.053598775
A9: 交通通讯 | B9: 2000 | C9: 0.030627871
A10: 其他支出 | B10: 2000 | C10: 0.030627871
A11: 合计 | B11: =SUM(B4:B10) | C11: =SUM(C4:C10)

Sheet 透视数据源
A1: 支出大类 | B1: 支出科目 | C1: 月度预算（元）
A2: 生活开支 | B2: 餐饮 | C2: 8000
A3: 生活开支 | B3: 住房 | C3: 12000
A4: 生活开支 | B4: 交通 | C4: 3000
A5: 生活开支 | B5: 服饰 | C5: 4000
A6: 生活开支 | B6: 日常用品 | C6: 3000
A7: 生活开支 | B7: 物业水电 | C7: 3000
A8: 子女教育 | B8: 学费 | C8: 5000
A9: 子女教育 | B9: 课外培训 | C9: 4000
A10: 子女教育 | B10: 书籍文具 | C10: 1000
A11: 健康医疗 | B11: 保险 | C11: 2000
A12: 健康医疗 | B12: 医疗 | C12: 1000
A13: 健康医疗 | B13: 健身 | C13: 800
... A21: 其他支出 | B21: 意外支出 | C21: 2000

Sheet 透视分析
A1: 月度预算透视分析（支出大类 × 支出科目 十字表）
A3: 支出大类 | B3: 书籍文具 | C3: 交通 | D3: 人情往来 | E3: 住房 | F3: 保险 | G3: 健身 | H3: 医疗 | I3: 娱乐 | J3: 学费 | K3: 意外支出 | L3: 旅行 | M3: 日常用品 | N3: 服饰 | O3: 油费停车 | P3: 物业水电 | Q3: 话费流量 | R3: 请客聚会 | S3: 课外培训 | T3: 购物 | U3: 餐饮 | V3: 大类合计
A4: 交通通讯 | O4: 1500 | Q4: 500 | V4: 2000
A5: 休闲娱乐 | I5: 2000 | L5: 6000 | T5: 3000 | V5: 11000
A6: 健康医疗 | F6: 2000 | G6: 800 | H6: 1000 | V6: 3800
A7: 其他支出 | K7: 2000 | V7: 2000
A8: 子女教育 | B8: 1000 | J8: 5000 | S8: 4000 | V8: 10000
A9: 生活开支 | C9: 3000 | E9: 12000 | M9: 3000 | N9: 4000 | P9: 3000 | U9: 8000 | V9: 33000
A10: 社交人情 | D10: 2000 | R10: 1500 | V10: 3500
A11: 总计 | B11: =SUM(B4:B10) | C11: =SUM(C4:C10) | D11: =SUM(D4:D10) | E11: =SUM(E4:E10) | F11: =SUM(F4:F10) | G11: =SUM(G4:G10) | H11: =SUM(H4:H10) | I11: =SUM(I4:I10) | ... V11: =SUM(V4:V10)

Sheet 实际支出对比
A1: 实际支出与预算对比跟踪表
A2: 在 D 列「实际支出」填入当月实际花费，差异与差异率自动计算；红色高亮表示超支
A4: 支出大类 | B4: 支出科目 | C4: 预算（元） | D4: 实际支出（元） | E4: 差异（元） | F4: 差异率 | G4: 状态
A5: 生活开支 | B5: 餐饮 | C5: =月度预算明细!C5 | D5: 7200 | E5: =C5-D5 | F5: =IF(C5=0,0,(C5-D5)/C5) | G5: =IF(E5>0,"结余",IF(E5=0,"持平","超支"))
A6: 生活开支 | B6: 住房 | C6: =月度预算明细!C6 | D6: 12500 | E6: =C6-D6 | F6: =IF(C6=0,0,(C6-D6)/C6) | G6: =IF(E6>0,"结余",IF(E6=0,"持平","超支"))
A7: 生活开支 | B7: 交通 | C7: =月度预算明细!C7 | D7: 3600 | E7: =C7-D7 | F7: =IF(C7=0,0,(C7-D7)/C7) | G7: =IF(E7>0,"结余",IF(E7=0,"持平","超支"))
A8: 生活开支 | B8: 服饰 | C8: =月度预算明细!C8 | D8: 5100 | E8: =C8-D8 | F8: =IF(C8=0,0,(C8-D8)/C8) | G8: =IF(E8>0,"结余",IF(E8=0,"持平","超支"))
A9: 生活开支 | B9: 日常用品 | C9: =月度预算明细!C9 | D9: 2600 | E9: =C9-D9 | F9: =IF(C9=0,0,(C9-D9)/C9) | G9: =IF(E9>0,"结余",IF(E9=0,"持平","超支"))
A10: 生活开支 | B10: 物业水电 | C10: =月度预算明细!C10 | D10: 3100 | E10: =C10-D10 | F10: =IF(C10=0,0,(C10-D10)/C10) | G10: =IF(E10>0,"结余",IF(E10=0,"持平","超支"))
A11: 子女教育 | B11: 学费 | C11: =月度预算明细!C11 | D11: 5000 | E11: =C11-D11 | F11: =IF(C11=0,0,(C11-D11)/C11) | G11: =IF(E11>0,"结余",IF(E11=0,"持平","超支"))
A12: 子女教育 | B12: 课外培训 | C12: =月度预算明细!C12 | D12: 3600 | E12: =C12-D12 | F12: =IF(C12=0,0,(C12-D12)/C12) | G12: =IF(E12>0,"结余",IF(E12=0,"持平","超支"))
A13: 子女教育 | B13: 书籍文具 | C13: =月度预算明细!C13 | D13: 900 | E13: =C13-D13 | F13: =IF(C13=0,0,(C13-D13)/C13) | G13: =IF(E13>0,"结余",IF(E13=0,"持平","超支"))
A14: 健康医疗 | B14: 保险 | C14: =月度预算明细!C14 | D14: 2000 | E14: =C14-D14 | F14: =IF(C14=0,0,(C14-D14)/C14) | G14: =IF(E14>0,"结余",IF(E14=0,"持平","超支"))
A15: 健康医疗 | B15: 医疗 | C15: =月度预算明细!C15 | D15: 1400 | E15: =C15-D15 | F15: =IF(C15=0,0,(C15-D15)/C15) | G15: =IF(E15>0,"结余",IF(E15=0,"持平","超支"))
A16: 健康医疗 | B16: 健身 | C16: =月度预算明细!C16 | D16: 500 | E16: =C16-D16 | F16: =IF(C16=0,0,(C16-D16)/C16) | G16: =IF(E16>0,"结余",IF(E16=0,"持平","超支"))
... A24: 其他支出 | B24: 意外支出 | C24: =月度预算明细!C24 | D24: 3200 | E24: =C24-D24 | F24: =IF(C24=0,0,(C24-D24)/C24) | G24: =IF(E24>0,"结余",IF(E24=0,"持平","超支"))
A25: 合计 | B25: —— | C25: =SUM(C5:C24) | D25: =SUM(D5:D24) | E25: =C25-D25 | F25: =IF(C25=0,0,(C25-D25)/C25) | G25: =IF(E25>0,"结余",IF(E25=0,"持平","超支"))
A27: 按支出大类的预算 vs 实际汇总
A28: 支出大类 | B28: 预算合计 | C28: 实际合计 | D28: 差异
A29: 生活开支 | B29: =SUMIF($A$5:$A$24,A29,$C$5:$C$24) | C29: =SUMIF($A$5:$A$24,A29,$D$5:$D$24) | D29: =B29-C29
A30: 子女教育 | B30: =SUMIF($A$5:$A$24,A30,$C$5:$C$24) | C30: =SUMIF($A$5:$A$24,A30,$D$5:$D$24) | D30: =B30-C30
A31: 健康医疗 | B31: =SUMIF($A$5:$A$24,A31,$C$5:$C$24) | C31: =SUMIF($A$5:$A$24,A31,$D$5:$D$24) | D31: =B31-C31
A32: 休闲娱乐 | B32: =SUMIF($A$5:$A$24,A32,$C$5:$C$24) | C32: =SUMIF($A$5:$A$24,A32,$D$5:$D$24) | D32: =B32-C32
A33: 社交人情 | B33: =SUMIF($A$5:$A$24,A33,$C$5:$C$24) | C33: =SUMIF($A$5:$A$24,A33,$D$5:$D$24) | D33: =B33-C33
A34: 交通通讯 | B34: =SUMIF($A$5:$A$24,A34,$C$5:$C$24) | C34: =SUMIF($A$5:$A$24,A34,$D$5:$D$24) | D34: =B34-C34
A35: 其他支出 | B35: =SUMIF($A$5:$A$24,A35,$C$5:$C$24) | C35: =SUMIF($A$5:$A$24,A35,$D$5:$D$24) | D35: =B35-C35
